1,1,Anantapur,1,,,0,9/9/2018 17:25,9/9/2018 17:25
2,1,Chittoor,1,,,0,9/9/2018 17:25,9/9/2018 17:25
3,1,Cuddapah / Kadapa,1,,,0,9/9/2018 17:25,9/9/2018 17:25
4,1,Godavari,1,,,0,9/9/2018 17:25,9/9/2018 17:25
5,1,Guntur,1,,,0,9/9/2018 17:25,9/9/2018 17:25
6,1,Hyderabad,1,,,0,9/9/2018 17:25,9/9/2018 17:25
7,1,Krishna,1,,,0,9/9/2018 17:25,9/9/2018 17:25
8,1,Kurnool,1,,,0,9/9/2018 17:25,9/9/2018 17:25
9,1,Nellore,1,,,0,9/9/2018 17:25,9/9/2018 17:25
10,1,Prakasam,1,,,0,9/9/2018 17:25,9/9/2018 17:25
11,1,Srikakulam,1,,,0,9/9/2018 17:25,9/9/2018 17:25
12,1,Visakhapatnam,1,,,0,9/9/2018 17:25,9/9/2018 17:25
13,1,Vizianagaram,1,,,0,9/9/2018 17:25,9/9/2018 17:25
14,2,Car Nicobar,1,,,0,9/9/2018 17:25,9/9/2018 17:25
15,2,Port Blair,1,,,0,9/9/2018 17:25,9/9/2018 17:25
16,3,Along,1,,,0,9/9/2018 17:25,9/9/2018 17:25
17,3,Anini,1,,,0,9/9/2018 17:25,9/9/2018 17:25
18,3,Bomdila,1,,,0,9/9/2018 17:25,9/9/2018 17:25
19,3,Changlang,1,,,0,9/9/2018 17:25,9/9/2018 17:25
20,3,Daporijo,1,,,0,9/9/2018 17:25,9/9/2018 17:25
21,3,Itanagar,1,,,0,9/9/2018 17:25,9/9/2018 17:25
22,3,Khonsa,1,,,0,9/9/2018 17:25,9/9/2018 17:25
23,3,Laying-Yangte,1,,,0,9/9/2018 17:25,9/9/2018 17:25
24,3,Pasighat,1,,,0,9/9/2018 17:25,9/9/2018 17:25
25,3,Seppa,1,,,0,9/9/2018 17:25,9/9/2018 17:25
26,3,Tawang,1,,,0,9/9/2018 17:25,9/9/2018 17:25
27,3,Tezu,1,,,0,9/9/2018 17:25,9/9/2018 17:25
28,3,Yingkiong,1,,,0,9/9/2018 17:25,9/9/2018 17:25
29,3,Yupia,1,,,0,9/9/2018 17:25,9/9/2018 17:25
30,3,Ziro,1,,,0,9/9/2018 17:25,9/9/2018 17:25
31,4,Barpeta,1,,,0,9/9/2018 17:25,9/9/2018 17:25
32,4,Bongaigaon,1,,,0,9/9/2018 17:25,9/9/2018 17:25
33,4,Dhemaji,1,,,0,9/9/2018 17:25,9/9/2018 17:25
34,4,Dhubri,1,,,0,9/9/2018 17:25,9/9/2018 17:25
35,4,Dibrugarh,1,,,0,9/9/2018 17:25,9/9/2018 17:25
36,4,Diphu,1,,,0,9/9/2018 17:25,9/9/2018 17:25
37,4,Dispur,1,,,0,9/9/2018 17:25,9/9/2018 17:25
38,4,Goalpara,1,,,0,9/9/2018 17:25,9/9/2018 17:25
39,4,Golaghat,1,,,0,9/9/2018 17:25,9/9/2018 17:25
40,4,Guwahati,1,,,0,9/9/2018 17:25,9/9/2018 17:25
41,4,Haflong,1,,,0,9/9/2018 17:25,9/9/2018 17:25
42,4,Hailakandi,1,,,0,9/9/2018 17:25,9/9/2018 17:25
43,4,Jorhat,1,,,0,9/9/2018 17:25,9/9/2018 17:25
44,4,Karimganj,1,,,0,9/9/2018 17:25,9/9/2018 17:25
45,4,Kokrajhar,1,,,0,9/9/2018 17:25,9/9/2018 17:25
46,4,Lakhimpur,1,,,0,9/9/2018 17:25,9/9/2018 17:25
47,4,Mangaldai,1,,,0,9/9/2018 17:25,9/9/2018 17:25
48,4,Marigaon,1,,,0,9/9/2018 17:25,9/9/2018 17:25
49,4,Nagaon,1,,,0,9/9/2018 17:25,9/9/2018 17:25
50,4,Nalbari,1,,,0,9/9/2018 17:25,9/9/2018 17:25
51,4,Sibsagar,1,,,0,9/9/2018 17:25,9/9/2018 17:25
52,4,Silchar,1,,,0,9/9/2018 17:25,9/9/2018 17:25
53,4,Tinsukia,1,,,0,9/9/2018 17:25,9/9/2018 17:25
54,5,Ara,1,,,0,9/9/2018 17:25,9/9/2018 17:25
55,5,Araria,1,,,0,9/9/2018 17:25,9/9/2018 17:25
56,5,Aurangabad,1,,,0,9/9/2018 17:25,9/9/2018 17:25
57,5,Banka,1,,,0,9/9/2018 17:25,9/9/2018 17:25
58,5,Begusarai,1,,,0,9/9/2018 17:25,9/9/2018 17:25
59,5,Bettiah,1,,,0,9/9/2018 17:25,9/9/2018 17:25
60,5,Bhabua,1,,,0,9/9/2018 17:25,9/9/2018 17:25
61,5,Bhagalpur,1,,,0,9/9/2018 17:25,9/9/2018 17:25
62,5,Bihar Sharif,1,,,0,9/9/2018 17:25,9/9/2018 17:25
63,5,Buxar,1,,,0,9/9/2018 17:25,9/9/2018 17:25
64,5,Chhapra,1,,,0,9/9/2018 17:25,9/9/2018 17:25
65,5,Darbhanga,1,,,0,9/9/2018 17:25,9/9/2018 17:25
66,5,Gaya,1,,,0,9/9/2018 17:25,9/9/2018 17:25
67,5,Gopalganj,1,,,0,9/9/2018 17:25,9/9/2018 17:25
68,5,Jamui,1,,,0,9/9/2018 17:25,9/9/2018 17:25
69,5,Jehanabad,1,,,0,9/9/2018 17:25,9/9/2018 17:25
70,5,Katihar,1,,,0,9/9/2018 17:25,9/9/2018 17:25
71,5,Khagaria,1,,,0,9/9/2018 17:25,9/9/2018 17:25
72,5,Kishanganj,1,,,0,9/9/2018 17:25,9/9/2018 17:25
73,5,Lakhisarai,1,,,0,9/9/2018 17:25,9/9/2018 17:25
74,5,Madhepura,1,,,0,9/9/2018 17:25,9/9/2018 17:25
75,5,Madhubani,1,,,0,9/9/2018 17:25,9/9/2018 17:25
76,5,Motihari,1,,,0,9/9/2018 17:25,9/9/2018 17:25
77,5,Munger,1,,,0,9/9/2018 17:25,9/9/2018 17:25
78,5,Muzaffarpur,1,,,0,9/9/2018 17:25,9/9/2018 17:25
79,5,Nawada,1,,,0,9/9/2018 17:25,9/9/2018 17:25
80,5,Patna,1,,,0,9/9/2018 17:25,9/9/2018 17:25
81,5,Purnia,1,,,0,9/9/2018 17:25,9/9/2018 17:25
82,5,Saharsa,1,,,0,9/9/2018 17:25,9/9/2018 17:25
83,5,Samastipur,1,,,0,9/9/2018 17:25,9/9/2018 17:25
84,5,Sheikhpura,1,,,0,9/9/2018 17:25,9/9/2018 17:25
85,5,Sheohar,1,,,0,9/9/2018 17:25,9/9/2018 17:25
86,5,Sitamarhi,1,,,0,9/9/2018 17:25,9/9/2018 17:25
87,5,Siwan,1,,,0,9/9/2018 17:25,9/9/2018 17:25
88,5,Supaul,1,,,0,9/9/2018 17:25,9/9/2018 17:25
89,6,Ambikapur,1,,,0,9/9/2018 17:25,9/9/2018 17:25
90,6,Bilaspur,1,,,0,9/9/2018 17:25,9/9/2018 17:25
91,6,Dantewada,1,,,0,9/9/2018 17:25,9/9/2018 17:25
92,6,Dhamtari,1,,,0,9/9/2018 17:25,9/9/2018 17:25
93,6,Durg,1,,,0,9/9/2018 17:25,9/9/2018 17:25
94,6,Jagdalpur,1,,,0,9/9/2018 17:25,9/9/2018 17:25
95,6,Janjgir,1,,,0,9/9/2018 17:25,9/9/2018 17:25
96,6,Jashpur,1,,,0,9/9/2018 17:25,9/9/2018 17:25
97,6,Kanker,1,,,0,9/9/2018 17:25,9/9/2018 17:25
98,6,Kawardha,1,,,0,9/9/2018 17:25,9/9/2018 17:25
99,6,Korba,1,,,0,9/9/2018 17:25,9/9/2018 17:25
100,6,Koriya,1,,,0,9/9/2018 17:25,9/9/2018 17:25
101,6,Mahasamund,1,,,0,9/9/2018 17:25,9/9/2018 17:25
102,6,Raigarh,1,,,0,9/9/2018 17:25,9/9/2018 17:25
103,6,Raipur,1,,,0,9/9/2018 17:25,9/9/2018 17:25
104,6,Rajnandgaon,1,,,0,9/9/2018 17:25,9/9/2018 17:25
105,7,Chandigarh,1,,,0,9/9/2018 17:25,9/9/2018 17:25
106,8,Delhi,1,,,0,9/9/2018 17:25,9/9/2018 17:25
107,8,Faridabad,1,,,0,9/9/2018 17:25,9/9/2018 17:25
108,8,Ghaziabad,1,,,0,9/9/2018 17:25,9/9/2018 17:25
109,8,Gurgaon,1,,,0,9/9/2018 17:25,9/9/2018 17:25
110,8,Noida,1,,,0,9/9/2018 17:25,9/9/2018 17:25
111,9,Margao,1,,,0,9/9/2018 17:25,9/9/2018 17:25
112,9,Panaji,1,,,0,9/9/2018 17:25,9/9/2018 17:25
113,10,Adipur,1,,,0,9/9/2018 17:25,9/9/2018 17:25
114,10,Ahmedabad,1,,,0,9/9/2018 17:25,9/9/2018 17:25
115,10,Ahwa,1,,,0,9/9/2018 17:25,9/9/2018 17:25
116,10,Amreli,1,,,0,9/9/2018 17:25,9/9/2018 17:25
117,10,Anand,1,,,0,9/9/2018 17:25,9/9/2018 17:25
118,10,Bharuch,1,,,0,9/9/2018 17:25,9/9/2018 17:25
119,10,Bhavnagar,1,,,0,9/9/2018 17:25,9/9/2018 17:25
120,10,Bhuj,1,,,0,9/9/2018 17:25,9/9/2018 17:25
121,10,Dahod,1,,,0,9/9/2018 17:25,9/9/2018 17:25
122,10,Gandhidham,1,,,0,9/9/2018 17:25,9/9/2018 17:25
123,10,Gandhinagar,1,,,0,9/9/2018 17:25,9/9/2018 17:25
124,10,Godhra,1,,,0,9/9/2018 17:25,9/9/2018 17:25
125,10,Himmatnagar,1,,,0,9/9/2018 17:25,9/9/2018 17:25
126,10,Jamnagar,1,,,0,9/9/2018 17:25,9/9/2018 17:25
127,10,Junagadh,1,,,0,9/9/2018 17:25,9/9/2018 17:25
128,10,Kandla,1,,,0,9/9/2018 17:25,9/9/2018 17:25
129,10,Kheda,1,,,0,9/9/2018 17:25,9/9/2018 17:25
130,10,Navsari,1,,,0,9/9/2018 17:25,9/9/2018 17:25
131,10,Palanpur,1,,,0,9/9/2018 17:25,9/9/2018 17:25
132,10,Patan,1,,,0,9/9/2018 17:25,9/9/2018 17:25
133,10,Porbandar,1,,,0,9/9/2018 17:25,9/9/2018 17:25
134,10,Rajkot,1,,,0,9/9/2018 17:25,9/9/2018 17:25
135,10,Rajpipla,1,,,0,9/9/2018 17:25,9/9/2018 17:25
136,10,Surat,1,,,0,9/9/2018 17:25,9/9/2018 17:25
137,10,Surendranagar,1,,,0,9/9/2018 17:25,9/9/2018 17:25
138,10,Vadodara,1,,,0,9/9/2018 17:25,9/9/2018 17:25
139,10,Valsad,1,,,0,9/9/2018 17:25,9/9/2018 17:25
140,10,Vapi,1,,,0,9/9/2018 17:25,9/9/2018 17:25
141,11,Ambala,1,,,0,9/9/2018 17:25,9/9/2018 17:25
142,11,Bhiwani,1,,,0,9/9/2018 17:25,9/9/2018 17:25
143,11,Chandigarh,1,,,0,9/9/2018 17:25,9/9/2018 17:25
144,11,Faridabad,1,,,0,9/9/2018 17:25,9/9/2018 17:25
145,11,Fatehabad,1,,,0,9/9/2018 17:25,9/9/2018 17:25
146,11,Gurgaon,1,,,0,9/9/2018 17:25,9/9/2018 17:25
147,11,Hissar,1,,,0,9/9/2018 17:25,9/9/2018 17:25
148,11,Jhajjar,1,,,0,9/9/2018 17:25,9/9/2018 17:25
149,11,Jind,1,,,0,9/9/2018 17:25,9/9/2018 17:25
150,11,Kaithal,1,,,0,9/9/2018 17:25,9/9/2018 17:25
151,11,Karnal,1,,,0,9/9/2018 17:25,9/9/2018 17:25
152,11,Kurukshetra,1,,,0,9/9/2018 17:25,9/9/2018 17:25
153,11,Narnaul,1,,,0,9/9/2018 17:25,9/9/2018 17:25
154,11,Panchkula,1,,,0,9/9/2018 17:25,9/9/2018 17:25
155,11,Panipat,1,,,0,9/9/2018 17:25,9/9/2018 17:25
156,11,Rewari,1,,,0,9/9/2018 17:25,9/9/2018 17:25
157,11,Rohtak,1,,,0,9/9/2018 17:25,9/9/2018 17:25
158,11,Sirsa,1,,,0,9/9/2018 17:25,9/9/2018 17:25
159,11,Sonepat,1,,,0,9/9/2018 17:25,9/9/2018 17:25
160,11,Yamunanagar,1,,,0,9/9/2018 17:25,9/9/2018 17:25
161,12,Bilaspur,1,,,0,9/9/2018 17:25,9/9/2018 17:25
162,12,Chamba,1,,,0,9/9/2018 17:25,9/9/2018 17:25
163,12,Dharamasala,1,,,0,9/9/2018 17:25,9/9/2018 17:25
164,12,Hamirpur,1,,,0,9/9/2018 17:25,9/9/2018 17:25
165,12,Keylong,1,,,0,9/9/2018 17:25,9/9/2018 17:25
166,12,Mandi,1,,,0,9/9/2018 17:25,9/9/2018 17:25
167,12,Nahan,1,,,0,9/9/2018 17:25,9/9/2018 17:25
168,12,Rampur,1,,,0,9/9/2018 17:25,9/9/2018 17:25
169,12,Reckong Peo,1,,,0,9/9/2018 17:25,9/9/2018 17:25
170,12,Shimla,1,,,0,9/9/2018 17:25,9/9/2018 17:25
171,12,Solan,1,,,0,9/9/2018 17:25,9/9/2018 17:25
172,12,Una,1,,,0,9/9/2018 17:25,9/9/2018 17:25
173,13,Anantnag,1,,,0,9/9/2018 17:25,9/9/2018 17:25
174,13,Badgam,1,,,0,9/9/2018 17:25,9/9/2018 17:25
175,13,Baramulla,1,,,0,9/9/2018 17:25,9/9/2018 17:25
176,13,Doda,1,,,0,9/9/2018 17:25,9/9/2018 17:25
177,13,Jammu,1,,,0,9/9/2018 17:25,9/9/2018 17:25
178,13,Kargil,1,,,0,9/9/2018 17:25,9/9/2018 17:25
179,13,Kathua,1,,,0,9/9/2018 17:25,9/9/2018 17:25
180,13,Kupwara,1,,,0,9/9/2018 17:25,9/9/2018 17:25
181,13,Leh,1,,,0,9/9/2018 17:25,9/9/2018 17:25
182,13,Poonch,1,,,0,9/9/2018 17:25,9/9/2018 17:25
183,13,Pulwama,1,,,0,9/9/2018 17:25,9/9/2018 17:25
184,13,Rajauri,1,,,0,9/9/2018 17:25,9/9/2018 17:25
185,13,Srinagar,1,,,0,9/9/2018 17:25,9/9/2018 17:25
186,13,Udhampur,1,,,0,9/9/2018 17:25,9/9/2018 17:25
187,14,Bokaro Steel City,1,,,0,9/9/2018 17:25,9/9/2018 17:25
188,14,Chabasa,1,,,0,9/9/2018 17:25,9/9/2018 17:25
189,14,Chatra,1,,,0,9/9/2018 17:25,9/9/2018 17:25
190,14,Daltonganj,1,,,0,9/9/2018 17:25,9/9/2018 17:25
191,14,Deoghar,1,,,0,9/9/2018 17:25,9/9/2018 17:25
192,14,Dhanbad,1,,,0,9/9/2018 17:25,9/9/2018 17:25
193,14,Dumka,1,,,0,9/9/2018 17:25,9/9/2018 17:25
194,14,Garhwa,1,,,0,9/9/2018 17:25,9/9/2018 17:25
195,14,Giridih,1,,,0,9/9/2018 17:25,9/9/2018 17:25
196,14,Godda,1,,,0,9/9/2018 17:25,9/9/2018 17:25
197,14,Gumla,1,,,0,9/9/2018 17:25,9/9/2018 17:25
198,14,Hazaribag,1,,,0,9/9/2018 17:25,9/9/2018 17:25
199,14,Jamshedpur,1,,,0,9/9/2018 17:25,9/9/2018 17:25
200,14,Jamtara,1,,,0,9/9/2018 17:25,9/9/2018 17:25
201,14,Koderma,1,,,0,9/9/2018 17:25,9/9/2018 17:25
202,14,Latehar,1,,,0,9/9/2018 17:25,9/9/2018 17:25
203,14,Lohardaga,1,,,0,9/9/2018 17:25,9/9/2018 17:25
204,14,Pakur,1,,,0,9/9/2018 17:25,9/9/2018 17:25
205,14,Ranchi,1,,,0,9/9/2018 17:25,9/9/2018 17:25
206,14,Sahibganj,1,,,0,9/9/2018 17:25,9/9/2018 17:25
207,14,Seraikela,1,,,0,9/9/2018 17:25,9/9/2018 17:25
208,14,Simdega,1,,,0,9/9/2018 17:25,9/9/2018 17:25
209,15,Bagalkot,1,,,0,9/9/2018 17:25,9/9/2018 17:25
210,15,Ballari / Bellary,1,,,0,9/9/2018 17:25,9/9/2018 17:25
211,15,Belagavi / Belagaum,1,,,0,9/9/2018 17:25,9/9/2018 17:25
212,15,Bengaluru / Bangalore,1,,,0,9/9/2018 17:25,9/9/2018 17:25
213,15,Bidar,1,,,0,9/9/2018 17:25,9/9/2018 17:25
214,15,Chamrajnagar,1,,,0,9/9/2018 17:25,9/9/2018 17:25
215,15,Chikballapur,1,,,0,9/9/2018 17:25,9/9/2018 17:25
216,15,Chikkamagaluru,1,,,0,9/9/2018 17:25,9/9/2018 17:25
217,15,Chitradurga,1,,,0,9/9/2018 17:25,9/9/2018 17:25
218,15,Dakshina Kannada,1,,,0,9/9/2018 17:25,9/9/2018 17:25
219,15,Davanagere,1,,,0,9/9/2018 17:25,9/9/2018 17:25
220,15,Gadag / Betigeri,1,,,0,9/9/2018 17:25,9/9/2018 17:25
221,15,Hassan,1,,,0,9/9/2018 17:25,9/9/2018 17:25
222,15,Haveri,1,,,0,9/9/2018 17:25,9/9/2018 17:25
223,15,Hubbali-Dharwad,1,,,0,9/9/2018 17:25,9/9/2018 17:25
224,15,Kalaburagi / Gulbarga,1,,,0,9/9/2018 17:25,9/9/2018 17:25
225,15,Kodagu,1,,,0,9/9/2018 17:25,9/9/2018 17:25
226,15,Kolar,1,,,0,9/9/2018 17:25,9/9/2018 17:25
227,15,Koppal,1,,,0,9/9/2018 17:25,9/9/2018 17:25
228,15,Mandya,1,,,0,9/9/2018 17:25,9/9/2018 17:25
229,15,Mysore,1,,,0,9/9/2018 17:25,9/9/2018 17:25
230,15,Raichur,1,,,0,9/9/2018 17:25,9/9/2018 17:25
231,15,Ramanagara,1,,,0,9/9/2018 17:25,9/9/2018 17:25
232,15,Shivamogga,1,,,0,9/9/2018 17:25,9/9/2018 17:25
233,15,Tumakuru,1,,,0,9/9/2018 17:25,9/9/2018 17:25
234,15,Udupi,1,,,0,9/9/2018 17:25,9/9/2018 17:25
235,15,Uttara Kannada,1,,,0,9/9/2018 17:25,9/9/2018 17:25
236,15,Vijayapura / Bijapur,1,,,0,9/9/2018 17:25,9/9/2018 17:25
237,15,Yadgir,1,,,0,9/9/2018 17:25,9/9/2018 17:25
238,16,Alappuzha,1,,,0,9/9/2018 17:25,9/9/2018 17:25
239,16,Ernakulam,1,,,0,9/9/2018 17:25,9/9/2018 17:25
240,16,Idukki,1,,,0,9/9/2018 17:25,9/9/2018 17:25
241,16,Kannur,1,,,0,9/9/2018 17:25,9/9/2018 17:25
242,16,Kasaragod,1,,,0,9/9/2018 17:25,9/9/2018 17:25
243,16,Kollam,1,,,0,9/9/2018 17:25,9/9/2018 17:25
244,16,Kottayam,1,,,0,9/9/2018 17:25,9/9/2018 17:25
245,16,Kozhikode,1,,,0,9/9/2018 17:25,9/9/2018 17:25
246,16,Malappuram,1,,,0,9/9/2018 17:25,9/9/2018 17:25
247,16,Palakkad,1,,,0,9/9/2018 17:25,9/9/2018 17:25
248,16,Pathanamthitta,1,,,0,9/9/2018 17:25,9/9/2018 17:25
249,16,Pondicherry (Mahe),1,,,0,9/9/2018 17:25,9/9/2018 17:25
250,16,Thiruvananthapuram,1,,,0,9/9/2018 17:25,9/9/2018 17:25
251,16,Thrissur,1,,,0,9/9/2018 17:25,9/9/2018 17:25
252,16,Wayanad,1,,,0,9/9/2018 17:25,9/9/2018 17:25
253,17,Kavaratti,1,,,0,9/9/2018 17:25,9/9/2018 17:25
254,18,Anuppur,1,,,0,9/9/2018 17:25,9/9/2018 17:25
255,18,Ashoknagar,1,,,0,9/9/2018 17:25,9/9/2018 17:25
256,18,Balaghat,1,,,0,9/9/2018 17:25,9/9/2018 17:25
257,18,Barwani,1,,,0,9/9/2018 17:25,9/9/2018 17:25
258,18,Betul,1,,,0,9/9/2018 17:25,9/9/2018 17:25
259,18,Bhilai Nagar,1,,,0,9/9/2018 17:25,9/9/2018 17:25
260,18,Bhind,1,,,0,9/9/2018 17:25,9/9/2018 17:25
261,18,Bhopal,1,,,0,9/9/2018 17:25,9/9/2018 17:25
262,18,Burhanpur,1,,,0,9/9/2018 17:25,9/9/2018 17:25
263,18,Chhatarpur,1,,,0,9/9/2018 17:25,9/9/2018 17:25
264,18,Chhindwara,1,,,0,9/9/2018 17:25,9/9/2018 17:25
265,18,Damoh,1,,,0,9/9/2018 17:25,9/9/2018 17:25
266,18,Datia,1,,,0,9/9/2018 17:25,9/9/2018 17:25
267,18,Dewas,1,,,0,9/9/2018 17:25,9/9/2018 17:25
268,18,Dindori,1,,,0,9/9/2018 17:25,9/9/2018 17:25
269,18,Guna,1,,,0,9/9/2018 17:25,9/9/2018 17:25
270,18,Gwalior,1,,,0,9/9/2018 17:25,9/9/2018 17:25
271,18,Harda,1,,,0,9/9/2018 17:25,9/9/2018 17:25
272,18,Hoshangabad,1,,,0,9/9/2018 17:25,9/9/2018 17:25
273,18,Indore,1,,,0,9/9/2018 17:25,9/9/2018 17:25
274,18,Jabalpur,1,,,0,9/9/2018 17:25,9/9/2018 17:25
275,18,Jhabua,1,,,0,9/9/2018 17:25,9/9/2018 17:25
276,18,Katni,1,,,0,9/9/2018 17:25,9/9/2018 17:25
277,18,Khandwa,1,,,0,9/9/2018 17:25,9/9/2018 17:25
278,18,Khargone,1,,,0,9/9/2018 17:25,9/9/2018 17:25
279,18,Mandla,1,,,0,9/9/2018 17:25,9/9/2018 17:25
280,18,Mandsaur,1,,,0,9/9/2018 17:25,9/9/2018 17:25
281,18,Morena,1,,,0,9/9/2018 17:25,9/9/2018 17:25
282,18,Narsinghpur,1,,,0,9/9/2018 17:25,9/9/2018 17:25
283,18,Neemuch,1,,,0,9/9/2018 17:25,9/9/2018 17:25
284,18,Panna,1,,,0,9/9/2018 17:25,9/9/2018 17:25
285,18,Raisen,1,,,0,9/9/2018 17:25,9/9/2018 17:25
286,18,Rajgarh,1,,,0,9/9/2018 17:25,9/9/2018 17:25
287,18,Ratlam,1,,,0,9/9/2018 17:25,9/9/2018 17:25
288,18,Rewa,1,,,0,9/9/2018 17:25,9/9/2018 17:25
289,18,Sagar,1,,,0,9/9/2018 17:25,9/9/2018 17:25
290,18,Satna,1,,,0,9/9/2018 17:25,9/9/2018 17:25
291,18,Sehore,1,,,0,9/9/2018 17:25,9/9/2018 17:25
292,18,Seoni,1,,,0,9/9/2018 17:25,9/9/2018 17:25
293,18,Shahdol,1,,,0,9/9/2018 17:25,9/9/2018 17:25
294,18,Shajapur,1,,,0,9/9/2018 17:25,9/9/2018 17:25
295,18,Sheopur,1,,,0,9/9/2018 17:25,9/9/2018 17:25
296,18,Shivpuri,1,,,0,9/9/2018 17:25,9/9/2018 17:25
297,18,Sidhi,1,,,0,9/9/2018 17:25,9/9/2018 17:25
298,18,Tikamgarh ,1,,,0,9/9/2018 17:25,9/9/2018 17:25
299,18,Ujjain,1,,,0,9/9/2018 17:25,9/9/2018 17:25
300,18,Umaria,1,,,0,9/9/2018 17:25,9/9/2018 17:25
301,18,Vidisha,1,,,0,9/9/2018 17:25,9/9/2018 17:25
302,19,Ahmednagar,1,,,0,9/9/2018 17:25,9/9/2018 17:25
303,19,Akola,1,,,0,9/9/2018 17:25,9/9/2018 17:25
304,19,Amravati,1,,,0,9/9/2018 17:25,9/9/2018 17:25
305,19,Aurangabad,1,,,0,9/9/2018 17:25,9/9/2018 17:25
306,19,Beed,1,,,0,9/9/2018 17:25,9/9/2018 17:25
307,19,Bhandara,1,,,0,9/9/2018 17:25,9/9/2018 17:25
308,19,Buldhana,1,,,0,9/9/2018 17:25,9/9/2018 17:25
309,19,Chandrapur,1,,,0,9/9/2018 17:25,9/9/2018 17:25
310,19,Dhule,1,,,0,9/9/2018 17:25,9/9/2018 17:25
311,19,Gadchiroli,1,,,0,9/9/2018 17:25,9/9/2018 17:25
312,19,Gondiya,1,,,0,9/9/2018 17:25,9/9/2018 17:25
313,19,Hingoli,1,,,0,9/9/2018 17:25,9/9/2018 17:25
314,19,Jalgaon,1,,,0,9/9/2018 17:25,9/9/2018 17:25
315,19,Jalna,1,,,0,9/9/2018 17:25,9/9/2018 17:25
316,19,Kolhapur,1,,,0,9/9/2018 17:25,9/9/2018 17:25
317,19,Latur,1,,,0,9/9/2018 17:25,9/9/2018 17:25
318,19,Malegaon,1,,,0,9/9/2018 17:25,9/9/2018 17:25
319,19,Mumbai,1,,,0,9/9/2018 17:25,9/9/2018 17:25
320,19,Nagpur,1,,,0,9/9/2018 17:25,9/9/2018 17:25
321,19,Nanded,1,,,0,9/9/2018 17:25,9/9/2018 17:25
322,19,Nandurbar,1,,,0,9/9/2018 17:25,9/9/2018 17:25
323,19,Nashik,1,,,0,9/9/2018 17:25,9/9/2018 17:25
324,19,Oras,1,,,0,9/9/2018 17:25,9/9/2018 17:25
325,19,Osmanabad,1,,,0,9/9/2018 17:25,9/9/2018 17:25
326,19,Parbhani,1,,,0,9/9/2018 17:25,9/9/2018 17:25
327,19,Pune,1,,,0,9/9/2018 17:25,9/9/2018 17:25
328,19,Raigad,1,,,0,9/9/2018 17:25,9/9/2018 17:25
329,19,Ratnagiri,1,,,0,9/9/2018 17:25,9/9/2018 17:25
330,19,Sangli,1,,,0,9/9/2018 17:25,9/9/2018 17:25
331,19,Satara,1,,,0,9/9/2018 17:25,9/9/2018 17:25
332,19,Sewegram,1,,,0,9/9/2018 17:25,9/9/2018 17:25
333,19,Solapur,1,,,0,9/9/2018 17:25,9/9/2018 17:25
334,19,Wardha,1,,,0,9/9/2018 17:25,9/9/2018 17:25
335,19,Washim,1,,,0,9/9/2018 17:25,9/9/2018 17:25
336,19,Yavatmal,1,,,0,9/9/2018 17:25,9/9/2018 17:25
337,20,Bishnupur,1,,,0,9/9/2018 17:25,9/9/2018 17:25
338,20,Chandel,1,,,0,9/9/2018 17:25,9/9/2018 17:25
339,20,Churachandpur,1,,,0,9/9/2018 17:25,9/9/2018 17:25
340,20,Imphal,1,,,0,9/9/2018 17:25,9/9/2018 17:25
341,20,Senapati,1,,,0,9/9/2018 17:25,9/9/2018 17:25
342,20,Tamenglong,1,,,0,9/9/2018 17:25,9/9/2018 17:25
343,20,Ukhrul,1,,,0,9/9/2018 17:25,9/9/2018 17:25
344,21,Baghmara,1,,,0,9/9/2018 17:25,9/9/2018 17:25
345,21,Jowal,1,,,0,9/9/2018 17:25,9/9/2018 17:25
346,21,Nongpoh,1,,,0,9/9/2018 17:25,9/9/2018 17:25
347,21,Nongstoin,1,,,0,9/9/2018 17:25,9/9/2018 17:25
348,21,Shillong,1,,,0,9/9/2018 17:25,9/9/2018 17:25
349,21,Tura,1,,,0,9/9/2018 17:25,9/9/2018 17:25
350,21,Williamnagar,1,,,0,9/9/2018 17:25,9/9/2018 17:25
351,22,Aizawl,1,,,0,9/9/2018 17:25,9/9/2018 17:25
352,22,Champhai,1,,,0,9/9/2018 17:25,9/9/2018 17:25
353,22,Kolasib,1,,,0,9/9/2018 17:25,9/9/2018 17:25
354,22,Lawngtlai,1,,,0,9/9/2018 17:25,9/9/2018 17:25
355,22,Lunglei,1,,,0,9/9/2018 17:25,9/9/2018 17:25
356,22,Mamit,1,,,0,9/9/2018 17:25,9/9/2018 17:25
357,22,Saiha,1,,,0,9/9/2018 17:25,9/9/2018 17:25
358,22,Serchhip,1,,,0,9/9/2018 17:25,9/9/2018 17:25
359,23,Dimapur,1,,,0,9/9/2018 17:25,9/9/2018 17:25
360,23,Kohima,1,,,0,9/9/2018 17:25,9/9/2018 17:25
361,23,Mokokchung,1,,,0,9/9/2018 17:25,9/9/2018 17:25
362,23,Mon,1,,,0,9/9/2018 17:25,9/9/2018 17:25
363,23,Phek,1,,,0,9/9/2018 17:25,9/9/2018 17:25
364,23,Tuensang,1,,,0,9/9/2018 17:25,9/9/2018 17:25
365,23,Wokha,1,,,0,9/9/2018 17:25,9/9/2018 17:25
366,23,Zunheboto,1,,,0,9/9/2018 17:25,9/9/2018 17:25
367,24,Angul,1,,,0,9/9/2018 17:25,9/9/2018 17:25
368,24,Balangir,1,,,0,9/9/2018 17:25,9/9/2018 17:25
369,24,Baleshwar,1,,,0,9/9/2018 17:25,9/9/2018 17:25
370,24,Bargarh,1,,,0,9/9/2018 17:25,9/9/2018 17:25
371,24,Baripada,1,,,0,9/9/2018 17:25,9/9/2018 17:25
372,24,Berhampur,1,,,0,9/9/2018 17:25,9/9/2018 17:25
373,24,Bhadrak,1,,,0,9/9/2018 17:25,9/9/2018 17:25
374,24,Bhawanipatna,1,,,0,9/9/2018 17:25,9/9/2018 17:25
375,24,Bhubaneswar,1,,,0,9/9/2018 17:25,9/9/2018 17:25
376,24,Boudh,1,,,0,9/9/2018 17:25,9/9/2018 17:25
377,24,Chhatrapur,1,,,0,9/9/2018 17:25,9/9/2018 17:25
378,24,Cuttack,1,,,0,9/9/2018 17:25,9/9/2018 17:25
379,24,Deogarh,1,,,0,9/9/2018 17:25,9/9/2018 17:25
380,24,Dhenkanal,1,,,0,9/9/2018 17:25,9/9/2018 17:25
381,24,Jagatsinghpur,1,,,0,9/9/2018 17:25,9/9/2018 17:25
382,24,Jharsuguda,1,,,0,9/9/2018 17:25,9/9/2018 17:25
383,24,Kendrapara,1,,,0,9/9/2018 17:25,9/9/2018 17:25
384,24,Kendujhar,1,,,0,9/9/2018 17:25,9/9/2018 17:25
385,24,Koraput,1,,,0,9/9/2018 17:25,9/9/2018 17:25
386,24,Malkangiri,1,,,0,9/9/2018 17:25,9/9/2018 17:25
387,24,Nabarangapur,1,,,0,9/9/2018 17:25,9/9/2018 17:25
388,24,Nayagarh,1,,,0,9/9/2018 17:25,9/9/2018 17:25
389,24,Nuapada,1,,,0,9/9/2018 17:25,9/9/2018 17:25
390,24,Panikoili,1,,,0,9/9/2018 17:25,9/9/2018 17:25
391,24,Paralakhemundi,1,,,0,9/9/2018 17:25,9/9/2018 17:25
392,24,Phulbani,1,,,0,9/9/2018 17:25,9/9/2018 17:25
393,24,Puri,1,,,0,9/9/2018 17:25,9/9/2018 17:25
394,24,Rayagada,1,,,0,9/9/2018 17:25,9/9/2018 17:25
395,24,Rourkela,1,,,0,9/9/2018 17:25,9/9/2018 17:25
396,24,Sambalpur,1,,,0,9/9/2018 17:25,9/9/2018 17:25
397,24,Sonepur,1,,,0,9/9/2018 17:25,9/9/2018 17:25
398,24,Sundargarh,1,,,0,9/9/2018 17:25,9/9/2018 17:25
399,25,Karaikal,1,,,0,9/9/2018 17:25,9/9/2018 17:25
400,25,Mahe,1,,,0,9/9/2018 17:25,9/9/2018 17:25
401,25,Pondicherry,1,,,0,9/9/2018 17:25,9/9/2018 17:25
402,25,Yanam,1,,,0,9/9/2018 17:25,9/9/2018 17:25
403,26,Amritsar,1,,,0,9/9/2018 17:25,9/9/2018 17:25
404,26,Bathinda,1,,,0,9/9/2018 17:25,9/9/2018 17:25
405,26,Chandigarh,1,,,0,9/9/2018 17:25,9/9/2018 17:25
406,26,Faridkot,1,,,0,9/9/2018 17:25,9/9/2018 17:25
407,26,Fatehgarh Sahib,1,,,0,9/9/2018 17:25,9/9/2018 17:25
408,26,Ferozepur,1,,,0,9/9/2018 17:25,9/9/2018 17:25
409,26,Gurdaspur,1,,,0,9/9/2018 17:25,9/9/2018 17:25
410,26,Hoshiarpur,1,,,0,9/9/2018 17:25,9/9/2018 17:25
411,26,Jalandhar,1,,,0,9/9/2018 17:25,9/9/2018 17:25
412,26,Kapurthala,1,,,0,9/9/2018 17:25,9/9/2018 17:25
413,26,Ludhiana,1,,,0,9/9/2018 17:25,9/9/2018 17:25
414,26,Mansa,1,,,0,9/9/2018 17:25,9/9/2018 17:25
415,26,Moga,1,,,0,9/9/2018 17:25,9/9/2018 17:25
416,26,Mohali,1,,,0,9/9/2018 17:25,9/9/2018 17:25
417,26,Muktsar,1,,,0,9/9/2018 17:25,9/9/2018 17:25
418,26,Nawan Shehar,1,,,0,9/9/2018 17:25,9/9/2018 17:25
419,26,Pathankot,1,,,0,9/9/2018 17:25,9/9/2018 17:25
420,26,Patiala,1,,,0,9/9/2018 17:25,9/9/2018 17:25
421,26,Rupnagar,1,,,0,9/9/2018 17:25,9/9/2018 17:25
422,26,Sangrur,1,,,0,9/9/2018 17:25,9/9/2018 17:25
423,27,Ajmer,1,,,0,9/9/2018 17:25,9/9/2018 17:25
424,27,Alwar,1,,,0,9/9/2018 17:25,9/9/2018 17:25
425,27,Banswara,1,,,0,9/9/2018 17:25,9/9/2018 17:25
426,27,Baran,1,,,0,9/9/2018 17:25,9/9/2018 17:25
427,27,Barmer,1,,,0,9/9/2018 17:25,9/9/2018 17:25
428,27,Bharatpur,1,,,0,9/9/2018 17:25,9/9/2018 17:25
429,27,Bhilwara,1,,,0,9/9/2018 17:25,9/9/2018 17:25
430,27,Bikaner,1,,,0,9/9/2018 17:25,9/9/2018 17:25
431,27,Bundi,1,,,0,9/9/2018 17:25,9/9/2018 17:25
432,27,Chittorgarh,1,,,0,9/9/2018 17:25,9/9/2018 17:25
433,27,Churu,1,,,0,9/9/2018 17:25,9/9/2018 17:25
434,27,Dausa,1,,,0,9/9/2018 17:25,9/9/2018 17:25
435,27,Dholpur,1,,,0,9/9/2018 17:25,9/9/2018 17:25
436,27,Dungarpur,1,,,0,9/9/2018 17:25,9/9/2018 17:25
437,27,Ganganagar,1,,,0,9/9/2018 17:25,9/9/2018 17:25
438,27,Hanumangarh,1,,,0,9/9/2018 17:25,9/9/2018 17:25
439,27,Jaipur,1,,,0,9/9/2018 17:25,9/9/2018 17:25
440,27,Jaisalmer,1,,,0,9/9/2018 17:25,9/9/2018 17:25
441,27,Jalore,1,,,0,9/9/2018 17:25,9/9/2018 17:25
442,27,Jhalawar,1,,,0,9/9/2018 17:25,9/9/2018 17:25
443,27,Jhunjhunun,1,,,0,9/9/2018 17:25,9/9/2018 17:25
444,27,Jodhpur,1,,,0,9/9/2018 17:25,9/9/2018 17:25
445,27,Karauli,1,,,0,9/9/2018 17:25,9/9/2018 17:25
446,27,Kota,1,,,0,9/9/2018 17:25,9/9/2018 17:25
447,27,Nagaur,1,,,0,9/9/2018 17:25,9/9/2018 17:25
448,27,Pali,1,,,0,9/9/2018 17:25,9/9/2018 17:25
449,27,Rajsamand,1,,,0,9/9/2018 17:25,9/9/2018 17:25
450,27,Sawai Madhopur,1,,,0,9/9/2018 17:25,9/9/2018 17:25
451,27,Sikar,1,,,0,9/9/2018 17:25,9/9/2018 17:25
452,27,Sirohi,1,,,0,9/9/2018 17:25,9/9/2018 17:25
453,27,Tonk,1,,,0,9/9/2018 17:25,9/9/2018 17:25
454,27,Udaipur,1,,,0,9/9/2018 17:25,9/9/2018 17:25
455,28,Gangtok,1,,,0,9/9/2018 17:25,9/9/2018 17:25
456,28,Geyzing,1,,,0,9/9/2018 17:25,9/9/2018 17:25
457,28,Mangan,1,,,0,9/9/2018 17:25,9/9/2018 17:25
458,28,Namchi,1,,,0,9/9/2018 17:25,9/9/2018 17:25
459,29,Ariyalur,1,,,0,9/9/2018 17:25,9/9/2018 17:25
460,29,Chennai,1,,,0,9/9/2018 17:25,9/9/2018 17:25
461,29,Coimbatore,1,,,0,9/9/2018 17:25,9/9/2018 17:25
462,29,Cuddalore,1,,,0,9/9/2018 17:25,9/9/2018 17:25
463,29,Dharmapuri,1,,,0,9/9/2018 17:25,9/9/2018 17:25
464,29,Dindigul,1,,,0,9/9/2018 17:25,9/9/2018 17:25
465,29,Erode,1,,,0,9/9/2018 17:25,9/9/2018 17:25
466,29,Kanchipuram,1,,,0,9/9/2018 17:25,9/9/2018 17:25
467,29,Kanyakumari,1,,,0,9/9/2018 17:25,9/9/2018 17:25
468,29,Krishnagiri,1,,,0,9/9/2018 17:25,9/9/2018 17:25
469,29,Madurai,1,,,0,9/9/2018 17:25,9/9/2018 17:25
470,29,Nagapattinam,1,,,0,9/9/2018 17:25,9/9/2018 17:25
471,29,Namakkal,1,,,0,9/9/2018 17:25,9/9/2018 17:25
472,29,Nilgiris,1,,,0,9/9/2018 17:25,9/9/2018 17:25
473,29,Perambalur,1,,,0,9/9/2018 17:25,9/9/2018 17:25
474,29,Pudukkottai,1,,,0,9/9/2018 17:25,9/9/2018 17:25
475,29,Ramanathapuram,1,,,0,9/9/2018 17:25,9/9/2018 17:25
476,29,Salem,1,,,0,9/9/2018 17:25,9/9/2018 17:25
477,29,Sivaganga,1,,,0,9/9/2018 17:25,9/9/2018 17:25
478,29,Thanjavur,1,,,0,9/9/2018 17:25,9/9/2018 17:25
479,29,Theni,1,,,0,9/9/2018 17:25,9/9/2018 17:25
480,29,Thoothukudi / Tuticorin,1,,,0,9/9/2018 17:25,9/9/2018 17:25
481,29,Tiruchirappalli,1,,,0,9/9/2018 17:25,9/9/2018 17:25
482,29,Tirunelveli,1,,,0,9/9/2018 17:25,9/9/2018 17:25
483,29,Tiruppur,1,,,0,9/9/2018 17:25,9/9/2018 17:25
484,29,Tiruvallur,1,,,0,9/9/2018 17:25,9/9/2018 17:25
485,29,Tiruvannamalai,1,,,0,9/9/2018 17:25,9/9/2018 17:25
486,29,Tiruvarur,1,,,0,9/9/2018 17:25,9/9/2018 17:25
487,29,Tuticorin,1,,,0,9/9/2018 17:25,9/9/2018 17:25
488,29,Vellore,1,,,0,9/9/2018 17:25,9/9/2018 17:25
489,29,Viluppuram,1,,,0,9/9/2018 17:25,9/9/2018 17:25
490,29,Virudhunagar,1,,,0,9/9/2018 17:25,9/9/2018 17:25
491,30,Adilabad,1,,,0,9/9/2018 17:25,9/9/2018 17:25
492,30,Hyderabad,1,,,0,9/9/2018 17:25,9/9/2018 17:25
493,30,Karimnagar,1,,,0,9/9/2018 17:25,9/9/2018 17:25
494,30,Khammam,1,,,0,9/9/2018 17:25,9/9/2018 17:25
495,30,Mahbubnagar,1,,,0,9/9/2018 17:25,9/9/2018 17:25
496,30,Medak,1,,,0,9/9/2018 17:25,9/9/2018 17:25
497,30,Nalgonda,1,,,0,9/9/2018 17:25,9/9/2018 17:25
498,30,Nizamabad,1,,,0,9/9/2018 17:25,9/9/2018 17:25
499,30,Ranga Reddy,1,,,0,9/9/2018 17:25,9/9/2018 17:25
500,30,Warangal,1,,,0,9/9/2018 17:25,9/9/2018 17:25
501,31,Agartala,1,,,0,9/9/2018 17:25,9/9/2018 17:25
502,31,Ambassa,1,,,0,9/9/2018 17:25,9/9/2018 17:25
503,31,Kailasahar,1,,,0,9/9/2018 17:25,9/9/2018 17:25
504,31,Udaipur,1,,,0,9/9/2018 17:25,9/9/2018 17:25
505,32,Agra,1,,,0,9/9/2018 17:25,9/9/2018 17:25
506,32,Akbarpur,1,,,0,9/9/2018 17:25,9/9/2018 17:25
507,32,Aligarh,1,,,0,9/9/2018 17:25,9/9/2018 17:25
508,32,Allahabad,1,,,0,9/9/2018 17:25,9/9/2018 17:25
509,32,Amroha,1,,,0,9/9/2018 17:25,9/9/2018 17:25
510,32,Auraiya,1,,,0,9/9/2018 17:25,9/9/2018 17:25
511,32,Azamgarh,1,,,0,9/9/2018 17:25,9/9/2018 17:25
512,32,Bagpat,1,,,0,9/9/2018 17:25,9/9/2018 17:25
513,32,Bahraich,1,,,0,9/9/2018 17:25,9/9/2018 17:25
514,32,Ballia,1,,,0,9/9/2018 17:25,9/9/2018 17:25
515,32,Balrampur,1,,,0,9/9/2018 17:25,9/9/2018 17:25
516,32,Banda,1,,,0,9/9/2018 17:25,9/9/2018 17:25
517,32,Barabanki,1,,,0,9/9/2018 17:25,9/9/2018 17:25
518,32,Bareilly,1,,,0,9/9/2018 17:25,9/9/2018 17:25
519,32,Basti,1,,,0,9/9/2018 17:25,9/9/2018 17:25
520,32,Bijnor,1,,,0,9/9/2018 17:25,9/9/2018 17:25
521,32,Budaun,1,,,0,9/9/2018 17:25,9/9/2018 17:25
522,32,Bulandshahr,1,,,0,9/9/2018 17:25,9/9/2018 17:25
523,32,Chandauli,1,,,0,9/9/2018 17:25,9/9/2018 17:25
524,32,Chitrakootdham,1,,,0,9/9/2018 17:25,9/9/2018 17:25
525,32,Deoria,1,,,0,9/9/2018 17:25,9/9/2018 17:25
526,32,Etah,1,,,0,9/9/2018 17:25,9/9/2018 17:25
527,32,Etawah,1,,,0,9/9/2018 17:25,9/9/2018 17:25
528,32,Faizabad,1,,,0,9/9/2018 17:25,9/9/2018 17:25
529,32,Fatehgarh,1,,,0,9/9/2018 17:25,9/9/2018 17:25
530,32,Fatehpur,1,,,0,9/9/2018 17:25,9/9/2018 17:25
531,32,Firozabad,1,,,0,9/9/2018 17:25,9/9/2018 17:25
532,32,Ghaziabad,1,,,0,9/9/2018 17:25,9/9/2018 17:25
533,32,Ghazipur,1,,,0,9/9/2018 17:25,9/9/2018 17:25
534,32,Gonda,1,,,0,9/9/2018 17:25,9/9/2018 17:25
535,32,Gorakhpur,1,,,0,9/9/2018 17:25,9/9/2018 17:25
536,32,Gyanpur,1,,,0,9/9/2018 17:25,9/9/2018 17:25
537,32,Hamirpur,1,,,0,9/9/2018 17:25,9/9/2018 17:25
538,32,Hardoi,1,,,0,9/9/2018 17:25,9/9/2018 17:25
539,32,Hathras,1,,,0,9/9/2018 17:25,9/9/2018 17:25
540,32,Jaunpur,1,,,0,9/9/2018 17:25,9/9/2018 17:25
541,32,Jhansi,1,,,0,9/9/2018 17:25,9/9/2018 17:25
542,32,Kannauj,1,,,0,9/9/2018 17:25,9/9/2018 17:25
543,32,Kanpur,1,,,0,9/9/2018 17:25,9/9/2018 17:25
544,32,Kaushambi,1,,,0,9/9/2018 17:25,9/9/2018 17:25
545,32,Khalilabad,1,,,0,9/9/2018 17:25,9/9/2018 17:25
546,32,Kheri,1,,,0,9/9/2018 17:25,9/9/2018 17:25
547,32,Kushinagar,1,,,0,9/9/2018 17:25,9/9/2018 17:25
548,32,Lalitpur,1,,,0,9/9/2018 17:25,9/9/2018 17:25
549,32,Lucknow,1,,,0,9/9/2018 17:25,9/9/2018 17:25
550,32,Maharajganj,1,,,0,9/9/2018 17:25,9/9/2018 17:25
551,32,Mahoba,1,,,0,9/9/2018 17:25,9/9/2018 17:25
552,32,Mainpuri,1,,,0,9/9/2018 17:25,9/9/2018 17:25
553,32,Mathura,1,,,0,9/9/2018 17:25,9/9/2018 17:25
554,32,Mau,1,,,0,9/9/2018 17:25,9/9/2018 17:25
555,32,Meerut,1,,,0,9/9/2018 17:25,9/9/2018 17:25
556,32,Mirzapur,1,,,0,9/9/2018 17:25,9/9/2018 17:25
557,32,Moradabad,1,,,0,9/9/2018 17:25,9/9/2018 17:25
558,32,Muzaffarnagar,1,,,0,9/9/2018 17:25,9/9/2018 17:25
559,32,Navgarh,1,,,0,9/9/2018 17:25,9/9/2018 17:25
560,32,Noida,1,,,0,9/9/2018 17:25,9/9/2018 17:25
561,32,Orai,1,,,0,9/9/2018 17:25,9/9/2018 17:25
562,32,Padarauna,1,,,0,9/9/2018 17:25,9/9/2018 17:25
563,32,Pilibhit,1,,,0,9/9/2018 17:25,9/9/2018 17:25
564,32,Pratapgarh,1,,,0,9/9/2018 17:25,9/9/2018 17:25
565,32,Rae Bareli,1,,,0,9/9/2018 17:25,9/9/2018 17:25
566,32,Rampur,1,,,0,9/9/2018 17:25,9/9/2018 17:25
567,32,Robertsganj,1,,,0,9/9/2018 17:25,9/9/2018 17:25
568,32,Saharanpur,1,,,0,9/9/2018 17:25,9/9/2018 17:25
569,32,Shahjahanpur,1,,,0,9/9/2018 17:25,9/9/2018 17:25
570,32,Shrawasti,1,,,0,9/9/2018 17:25,9/9/2018 17:25
571,32,Sitapur,1,,,0,9/9/2018 17:25,9/9/2018 17:25
572,32,Sultanpur,1,,,0,9/9/2018 17:25,9/9/2018 17:25
573,32,Unnao,1,,,0,9/9/2018 17:25,9/9/2018 17:25
574,32,Varnasi,1,,,0,9/9/2018 17:25,9/9/2018 17:25
575,33,Almora,1,,,0,9/9/2018 17:25,9/9/2018 17:25
576,33,Bageshwar,1,,,0,9/9/2018 17:25,9/9/2018 17:25
577,33,Champawat,1,,,0,9/9/2018 17:25,9/9/2018 17:25
578,33,Dehradun,1,,,0,9/9/2018 17:25,9/9/2018 17:25
579,33,Gopeshwar,1,,,0,9/9/2018 17:25,9/9/2018 17:25
580,33,Haldwani,1,,,0,9/9/2018 17:25,9/9/2018 17:25
581,33,Haridwar,1,,,0,9/9/2018 17:25,9/9/2018 17:25
582,33,Nainital,1,,,0,9/9/2018 17:25,9/9/2018 17:25
583,33,New Tehri,1,,,0,9/9/2018 17:25,9/9/2018 17:25
584,33,Pauri,1,,,0,9/9/2018 17:25,9/9/2018 17:25
585,33,Pithoragarh,1,,,0,9/9/2018 17:25,9/9/2018 17:25
586,33,Roorkee,1,,,0,9/9/2018 17:25,9/9/2018 17:25
587,33,Rudraprayag,1,,,0,9/9/2018 17:25,9/9/2018 17:25
588,33,Rudrapur,1,,,0,9/9/2018 17:25,9/9/2018 17:25
589,33,Uttarkashi,1,,,0,9/9/2018 17:25,9/9/2018 17:25
590,34,Alipore,1,,,0,9/9/2018 17:25,9/9/2018 17:25
591,34,Asansol,1,,,0,9/9/2018 17:25,9/9/2018 17:25
592,34,Balurghat,1,,,0,9/9/2018 17:25,9/9/2018 17:25
593,34,Bankura,1,,,0,9/9/2018 17:25,9/9/2018 17:25
594,34,Baranagar,1,,,0,9/9/2018 17:25,9/9/2018 17:25
595,34,Barasat,1,,,0,9/9/2018 17:25,9/9/2018 17:25
596,34,Bardhaman,1,,,0,9/9/2018 17:25,9/9/2018 17:25
597,34,Berhampore,1,,,0,9/9/2018 17:25,9/9/2018 17:25
598,34,Bhatpara,1,,,0,9/9/2018 17:25,9/9/2018 17:25
599,34,Chinsurah,1,,,0,9/9/2018 17:25,9/9/2018 17:25
600,34,Cooch Behar,1,,,0,9/9/2018 17:25,9/9/2018 17:25
601,34,Darjeeling,1,,,0,9/9/2018 17:25,9/9/2018 17:25
602,34,Durgapur,1,,,0,9/9/2018 17:25,9/9/2018 17:25
603,34,Howra,1,,,0,9/9/2018 17:25,9/9/2018 17:25
604,34,Jalpaiguri,1,,,0,9/9/2018 17:25,9/9/2018 17:25
605,34,Kharagpur,1,,,0,9/9/2018 17:25,9/9/2018 17:25
606,34,Kolkata,1,,,0,9/9/2018 17:25,9/9/2018 17:25
607,34,Krishnanagar,1,,,0,9/9/2018 17:25,9/9/2018 17:25
608,34,Malda,1,,,0,9/9/2018 17:25,9/9/2018 17:25
609,34,Midnapore,1,,,0,9/9/2018 17:25,9/9/2018 17:25
610,34,Panihati,1,,,0,9/9/2018 17:25,9/9/2018 17:25
611,34,Puruliya,1,,,0,9/9/2018 17:25,9/9/2018 17:25
612,34,Siliguri,1,,,0,9/9/2018 17:25,9/9/2018 17:25
613,34,Sridham,1,,,0,9/9/2018 17:25,9/9/2018 17:25
614,34,Srirampur,1,,,0,9/9/2018 17:25,9/9/2018 17:25
615,34,Suri,1,,,0,9/9/2018 17:25,9/9/2018 17:25
